INSERT INTO `app_student`
(`sid`,`sname`,`sex`,`inage`,`inyear`,`sclass`)
VALUES
(3017000001, '张三丰', 'male', 31, 2017, '软件工程1班'),
(3017000002, '黄药师', 'male', 32, 2017, '软件工程2班'),
(3017000003, '欧阳锋', 'male', 14, 2017, '软件工程3班'),
(3017000004, '段智兴', 'male', 16, 2017, '软件工程1班'),
(3017000005, '洪七公', 'male', 32, 2017, '软件工程2班'),
(3017000006, '王重阳', 'male', 16, 2017, '软件工程3班'),
(3017000007, '周伯通', 'male', 24, 2017, '软件工程1班'),
(3017000008, '李寻欢', 'male', 25, 2017, '软件工程2班'),
(3017000009, '陆小凤', 'male', 23, 2017, '软件工程3班'),
(3017000010, '楚留香', 'male', 18, 2017, '软件工程1班'),
(3017000011, '周芷若', 'female', 32, 2017, '软件工程2班'),
(3017000012, '杨不悔', 'female', 13, 2017, '软件工程3班'),
(3017000013, '殷素素', 'female', 23, 2017, '软件工程1班'),
(3017000014, '小龙女', 'female', 15, 2017, '软件工程2班'),
(3017000015, '李莫愁', 'female', 16, 2017, '软件工程3班'),
(3017000016, '任盈盈', 'female', 25, 2017, '软件工程1班'),
(3017000017, '温青青', 'female', 16, 2017, '软件工程2班'),
(3017000018, '王语嫣', 'female', 35, 2017, '软件工程3班'),
(3017000019, '苗若兰', 'female', 22, 2017, '软件工程1班'),
(3017000020, '沐剑屏', 'female', 12, 2017, '软件工程2班');

INSERT INTO `app_course`
(`cid`,`cname`,`teacher_name`,`credit`,`suitable_grade`,`cancle_year`)
VALUES
(5100001, '温', '张老师', 4, 1, 2021),
(5100002, '良', '张老师', 1, 3, 2018),
(5100003, '温', '蔡老师', 1, 3, 2018),
(5100004, '俭', '蔡老师', 5, 1, 2020),
(5100005, '让', '张老师', 5, 4, 2018),
(5100006, '仁', '张老师', 2, 4, 2019),
(5100007, '义', '蔡老师', 2, 2, 2018),
(5100008, '礼', '张老师', 4, 3, 2018),
(5100009, '智', '李老师', 5, 2, 2021),
(5100010, '信', '李老师', 2, 3, 2020),
(5100011, '诗', '张老师', 3, 3, 2018),
(5100012, '书', '蔡老师', 3, 1, 2018),
(5100013, '琴', '李老师', 5, 3, 2018),
(5100014, '棋', '蔡老师', 4, 2, 2021),
(5100015, '画', '李老师', 5, 3, 2019),
(5100016, '唱', '蔡老师', 3, 1, 2018),
(5100017, '跳', '李老师', 2, 3, 2021),
(5100018, 'rap', '蔡老师', 2, 4, 2019),
(5100019, '篮球', '蔡老师', 3, 1, 2018),
(5100020, 'music', '李老师', 1, 1, 2021);

INSERT INTO `app_enroll`
(`eid`,`year`,`score`,`course_cid_id`,`student_sid_id`)
VALUES
(0, 2019, 82, 5100001, 3017000001),
(1, 2019, 90, 5100004, 3017000001),
(2, 2019, 86, 5100009, 3017000001),
(3, 2019, 46, 5100014, 3017000001),
(4, 2019, 81, 5100020, 3017000001),
(5, 2019, 50, 5100001, 3017000002),
(6, 2019, 46, 5100004, 3017000002),
(7, 2019, 96, 5100009, 3017000002),
(8, 2019, 49, 5100014, 3017000002),
(9, 2019, 59, 5100020, 3017000002),
(10, 2019, 97, 5100001, 3017000003),
(11, 2019, 96, 5100004, 3017000003),
(12, 2019, 53, 5100009, 3017000003),
(13, 2019, 92, 5100014, 3017000003),
(14, 2019, 64, 5100020, 3017000003),
(15, 2019, 45, 5100001, 3017000004),
(16, 2019, 92, 5100004, 3017000004),
(17, 2019, 82, 5100009, 3017000004),
(18, 2019, 66, 5100014, 3017000004),
(19, 2019, 92, 5100020, 3017000004),
(20, 2019, 66, 5100001, 3017000005),
(21, 2019, 48, 5100004, 3017000005),
(22, 2019, 47, 5100009, 3017000005),
(23, 2019, 72, 5100014, 3017000005),
(24, 2019, 84, 5100020, 3017000005),
(25, 2019, 45, 5100001, 3017000006),
(26, 2019, 83, 5100004, 3017000006),
(27, 2019, 70, 5100009, 3017000006),
(28, 2019, 57, 5100014, 3017000006),
(29, 2019, 62, 5100020, 3017000006),
(30, 2019, 45, 5100001, 3017000007),
(31, 2019, 91, 5100004, 3017000007),
(32, 2019, 45, 5100009, 3017000007),
(33, 2019, 53, 5100014, 3017000007),
(34, 2019, 84, 5100020, 3017000007),
(35, 2019, 62, 5100001, 3017000008),
(36, 2019, 51, 5100004, 3017000008),
(37, 2019, 49, 5100009, 3017000008),
(38, 2019, 90, 5100014, 3017000008),
(39, 2019, 71, 5100020, 3017000008),
(40, 2019, 50, 5100001, 3017000009),
(41, 2019, 88, 5100004, 3017000009),
(42, 2019, 49, 5100009, 3017000009),
(43, 2019, 69, 5100014, 3017000009),
(44, 2019, 74, 5100020, 3017000009),
(45, 2019, 86, 5100001, 3017000010),
(46, 2019, 93, 5100004, 3017000010),
(47, 2019, 52, 5100009, 3017000010),
(48, 2019, 91, 5100014, 3017000010),
(49, 2019, 88, 5100020, 3017000010),
(50, 2019, 62, 5100001, 3017000011),
(51, 2019, 51, 5100004, 3017000011),
(52, 2019, 83, 5100009, 3017000011),
(53, 2019, 69, 5100014, 3017000011),
(54, 2019, 64, 5100020, 3017000011),
(55, 2019, 68, 5100001, 3017000012),
(56, 2019, 79, 5100004, 3017000012),
(57, 2019, 96, 5100009, 3017000012),
(58, 2019, 59, 5100014, 3017000012),
(59, 2019, 76, 5100020, 3017000012),
(60, 2019, 59, 5100001, 3017000013),
(61, 2019, 87, 5100004, 3017000013),
(62, 2019, 55, 5100009, 3017000013),
(63, 2019, 57, 5100014, 3017000013),
(64, 2019, 65, 5100020, 3017000013),
(65, 2019, 75, 5100001, 3017000014),
(66, 2019, 57, 5100004, 3017000014),
(67, 2019, 82, 5100009, 3017000014),
(68, 2019, 49, 5100014, 3017000014),
(69, 2019, 53, 5100020, 3017000014),
(70, 2019, 95, 5100001, 3017000015),
(71, 2019, 65, 5100004, 3017000015),
(72, 2019, 53, 5100009, 3017000015),
(73, 2019, 76, 5100014, 3017000015),
(74, 2019, 52, 5100020, 3017000015),
(75, 2019, 83, 5100001, 3017000016),
(76, 2019, 48, 5100004, 3017000016),
(77, 2019, 50, 5100009, 3017000016),
(78, 2019, 87, 5100014, 3017000016),
(79, 2019, 95, 5100020, 3017000016),
(80, 2019, 89, 5100001, 3017000017),
(81, 2019, 49, 5100004, 3017000017),
(82, 2019, 48, 5100009, 3017000017),
(83, 2019, 80, 5100014, 3017000017),
(84, 2019, 68, 5100020, 3017000017),
(85, 2019, 67, 5100001, 3017000018),
(86, 2019, 72, 5100004, 3017000018),
(87, 2019, 84, 5100009, 3017000018),
(88, 2019, 62, 5100014, 3017000018),
(89, 2019, 64, 5100020, 3017000018),
(90, 2019, 63, 5100001, 3017000019),
(91, 2019, 92, 5100004, 3017000019),
(92, 2019, 98, 5100009, 3017000019),
(93, 2019, 99, 5100014, 3017000019),
(94, 2019, 48, 5100020, 3017000019),
(95, 2019, 52, 5100001, 3017000020),
(96, 2019, 73, 5100004, 3017000020),
(97, 2019, 76, 5100009, 3017000020),
(98, 2019, 45, 5100014, 3017000020),
(99, 2019, 92, 5100020, 3017000020);















